Managing a software ecosystem using a multiple software product line: a case study on digital signage systems|http://dx.doi.org/10.1109/SEAA.2014.23
Comparing approaches to implement feature model composition|http://dx.doi.org/10.1007/978-3-642-13595-8_3
Semantic sentiment analysis of twitter|http://dx.doi.org/10.1007/978-3-642-35176-1_32
Automated and scalable t-wise test case generation strategies for software product lines|http://dx.doi.org/10.1109/ICST.2010.43
Model based analysis process for embedded software product lines|http://dx.doi.org/10.1145/1987875.1987886
Managing variability in workflow with feature model composition operators|http://dx.doi.org/10.1007/978-3-642-14046-4_2
A feature model for model-to-text transformation languages|http://dx.doi.org/10.1109/MISE.2012.6226015
An approach to automated conversion from design feature model to analysis feature model|http://dx.doi.org/10.1115/DETC2011-47555
42 variability bugs in the linux kernel: a qualitative analysis|http://dx.doi.org/10.1145/2642937.2642990
Detecting dependences and interactions in feature-oriented design|http://dx.doi.org/10.1109/ISSRE.2010.11
FeatureIDE: taming the preprocessor wilderness|http://dx.doi.org/10.1145/2889160.2889175
Scalable analysis of variable software|http://dx.doi.org/10.1145/2491411.2491437
Optimum feature selection in software product lines: Let your model and values guide your search|http://dx.doi.org/10.1109/CMSBSE.2013.6604432
Efficient extraction and analysis of preprocessor-based variability|http://dx.doi.org/10.1145/1868294.1868300
Efficient extraction and analysis of preprocessor-based variability|http://dx.doi.org/10.1145/1942788.1868300
An aspect-based feature model for architecting component product lines|http://dx.doi.org/10.1109/SEAA.2012.64
Intraprocedural dataflow analysis for software product lines|http://dx.doi.org/10.1145/2162049.2162052
Intraprocedural dataflow analysis for software product lines|http://dx.doi.org/10.1007/978-3-642-36964-3_3
Usage scenarios for feature model synthesis|http://dx.doi.org/10.1145/2425415.2425419
Automated selection and configuration of cloud environments using software product lines principles|http://dx.doi.org/10.1109/CLOUD.2014.29
Validating consistency between a feature model and its implementation|http://dx.doi.org/10.1007/978-3-642-38977-1_1
On the integration of the feature model and PL-AOVGraph|http://dx.doi.org/10.1145/1960502.1960509
Feature-interaction detection based on feature-based specifications|http://dx.doi.org/10.1016/j.comnet.2013.02.025
SPLat: lightweight dynamic analysis for reducing combinatorics in testing configurable systems|http://dx.doi.org/10.1145/2491411.2491459
Incremental model-based testing of delta-oriented software product lines|http://dx.doi.org/10.1007/978-3-642-30473-6_7
Constraints: The core of supporting automated product configuration of cyber-physical systems|http://dx.doi.org/10.1007/978-3-642-41533-3_23
An information visualization feature model for supporting the selection of software visualizations|http://dx.doi.org/10.1145/2597008.2597796
Feature model composition assisted by formal concept analysis|http://dx.doi.org/10.5220/0006276600270037
Symbolic model checking of software product lines|http://dx.doi.org/10.1145/1985793.1985838
Towards multi-view feature-based configuration|http://dx.doi.org/10.1007/978-3-642-14192-8_12
IncLing: efficient product-line testing using incremental pairwise sampling|http://dx.doi.org/10.1145/2993236.2993253
IncLing: efficient product-line testing using incremental pairwise sampling|http://dx.doi.org/10.1145/3093335.2993253
Multi-objective optimal test suite computation for software product line pairwise testing|http://dx.doi.org/10.1109/ICSM.2013.58
Constraints: The core of product line engineering|http://dx.doi.org/10.1109/RCIS.2011.6006825
Probabilistic model checking for energy analysis in software product lines|http://dx.doi.org/10.1145/2577080.2577095
Multi-objective test prioritization in software product line testing: an industrial case study|http://dx.doi.org/10.1145/2648511.2648515
Sharing with a difference: Realizing service-based saas applications with runtime sharing and variation in dynamic software product lines|http://dx.doi.org/10.1109/SCC.2013.30
Towards a language-independent approach for reverse-engineering of software product lines|http://dx.doi.org/10.1145/2554850.2554874
Mutation-based generation of software product line test configurations|http://dx.doi.org/10.1007/978-3-319-09940-8_7
Scaling exact multi-objective combinatorial optimization by parallelization|http://dx.doi.org/10.1145/2642937.2642971
Using mCRL2 for the analysis of software product lines|http://dx.doi.org/10.1145/2593489.2593493
Compositional verification of software product lines|http://dx.doi.org/10.1007/978-3-642-38613-8_8
Language-independent reference checking in software product lines|http://dx.doi.org/10.1145/1868688.1868698
Visualization techniques for application in interactive product configuration|http://dx.doi.org/10.1145/2019136.2019161
Feature modeling tools: evaluation and lessons learned|http://dx.doi.org/10.1007/978-3-642-24574-9_17
A variability-based testing approach for synthesizing video sequences|http://dx.doi.org/10.1145/2610384.2610411
VariaMos: a tool for product line driven systems engineering with a constraint based approach|http://dx.doi.org/10.1145/2791060.2791103
SPLEMMA: a generic framework for controlled-evolution of software product lines|http://dx.doi.org/10.1145/2499777.2500709
Feature model synthesis with genetic programming|http://dx.doi.org/10.1007/978-3-319-09940-8_11
An overview on analysis tools for software product lines|http://dx.doi.org/10.1145/2647908.2655972
A dynamic-priority based approach to fixing inconsistent feature models|http://dx.doi.org/10.1007/978-3-642-16145-2_13
Custom-developed vs. model-based configuration tools: Experiences from an industrial automation ecosystem|http://dx.doi.org/10.1145/2499777.2500713
Run-time adaptation of mobile applications using genetic algorithms|http://dx.doi.org/10.1109/SEAMS.2013.6595494
Statistical analysis of probabilistic models of software product lines with quantitative constraints|http://dx.doi.org/10.1145/2791060.2791087
Context-aware staged configuration of process variants@ runtime|http://dx.doi.org/10.1007/978-3-319-07881-6_17
Change propagation due to uncertainty change|http://dx.doi.org/10.1007/978-3-642-37057-1_3
Towards modular verification of software product lines with mCRL2|http://dx.doi.org/10.1007/978-3-662-45234-9_26
PLEDGE: a product line editor and test generation tool|http://dx.doi.org/10.1145/2499777.2499778
Using CVL to operationalize product line development with reusable aspect models|http://dx.doi.org/10.1145/2425415.2425418
Towards secure integration of cryptographic software|http://dx.doi.org/10.1145/2814228.2814229
Composing your compositions of variability models|http://dx.doi.org/10.1007/978-3-642-41533-3_22
Multi-perspectives on feature models|http://dx.doi.org/10.1007/978-3-642-33666-9_17
EvoFM: Feature-driven planning of product-line evolution|http://dx.doi.org/10.1145/1808937.1808941
A parallel evolutionary algorithm for prioritized pairwise testing of software product lines|http://dx.doi.org/10.1145/2576768.2598305
Understanding feature evolution in a family of product variants|http://dx.doi.org/10.1109/WCRE.2010.20
A feature model for model-to-text transformation languages|http://dx.doi.org/10.1109/MISE.2012.6226015
The promise and challenge of runtime variability|http://dx.doi.org/10.1109/MC.2011.382
Feature assembly: A new feature modeling technique|http://dx.doi.org/10.1007/978-3-642-16373-9_17
Automated test case selection using feature model: An industrial case study|http://dx.doi.org/10.1007/978-3-642-41533-3_15
Mining features from the object-oriented source code of software variants by combining lexical and structural similarity|http://dx.doi.org/10.1109/IRI.2013.6642522
Managing ERP configuration variants: An experience report|http://dx.doi.org/10.1145/1964138.1964140
Linking feature models to code artifacts using executable acceptance tests|http://dx.doi.org/10.1007/978-3-642-15579-6_15
Model-based test design of product lines: Raising test design to the product line level|http://dx.doi.org/10.1109/ICST.2014.16
Software variability management: An exploratory study with two feature modeling tools|http://dx.doi.org/10.1109/SBCARS.2013.13
Product model derivation by model transformation in software product lines|http://dx.doi.org/10.1109/ISORCW.2011.18
Mining binary constraints in the construction of feature models|http://dx.doi.org/10.1109/RE.2012.6345798
Towards more reliable configurators: A re-engineering perspective|http://dx.doi.org/10.1109/PLEASE.2012.6229766
Test-case design by feature trees|http://dx.doi.org/10.1007/978-3-642-34026-0_34
Generating feature model from creative requirements using model driven design|http://dx.doi.org/10.1145/2364412.2364416
Modeling rationale over time to support product line evolution planning|http://dx.doi.org/10.1145/2110147.2110169
Reasoning about conditional constraint specification problems and feature models|http://dx.doi.org/10.1017/S0890060410000600
Feature assembly framework: Towards scalable and reusable feature models|http://dx.doi.org/10.1145/1944892.1944893
Comprehending feature models expressed in CVL|http://dx.doi.org/10.1007/978-3-319-11653-2_31
Using fault propagation analyses for early elimination of unreliable design alternatives of complex cyber-physical systems|http://dx.doi.org/10.1115/DETC2012-70241
Modeling and analysis of product-line variants|http://dx.doi.org/10.1145/2364412.2364417
An empirical study of two software product line tools|http://dx.doi.org/10.5220/0005829801640171
A Mutation and Multi-objective Test Data Generation Approach for Feature Testing of Software Product Lines|http://dx.doi.org/10.1109/SBES.2015.17
Applying the product lines paradigm to the quantitative analysis of collective adaptive systems|http://dx.doi.org/10.1145/2791060.2791100
A feature-similarity model for product line engineering|http://dx.doi.org/10.1007/978-3-319-14130-5_3
Using feature model to build model transformation chains|http://dx.doi.org/10.1007/978-3-642-33666-9_36
Software feature model recommendations using data mining|http://dx.doi.org/10.1109/RSSE.2012.6233409
Aspect-oriented change realization based on multi-paradigm design with feature modeling|http://dx.doi.org/10.1007/978-3-642-28038-2_4
Domain service acquisition and domain modeling based on feature model|http://dx.doi.org/10.1109/CSE.2011.20
A comparison of decision modeling approaches in product lines|http://dx.doi.org/10.1145/1944892.1944907
Software product line engineering and variability management: achievements and challenges|http://dx.doi.org/10.1145/2593882.2593888
Software product line engineering and variability management: achievements and challenges|http://dx.doi.org/10.1109/ICSECOMPANION.2007.83
Feature identification from the source code of product variants|http://dx.doi.org/10.1109/CSMR.2012.52
Service-oriented dynamic software product lines|http://dx.doi.org/10.1109/MC.2012.289
Pacogen: Automatic generation of pairwise test configurations from feature models|http://dx.doi.org/10.1109/ISSRE.2011.31
Minimizing test suites in software product lines using weight-based genetic algorithms|http://dx.doi.org/10.1145/2463372.2463545
Towards modeling a variable architecture for multi-tenant SaaS-applications|http://dx.doi.org/10.1145/2110147.2110160
Assessing software product line testing via model-based mutation: An application to similarity testing|http://dx.doi.org/10.1109/ICSTW.2013.30
Dynamic configuration management of cloud-based applications|http://dx.doi.org/10.1145/2364412.2364441
Modeling and managing variability in process-based service compositions|http://dx.doi.org/10.1007/978-3-642-25535-9_27
On extracting feature models from sets of valid feature combinations|http://dx.doi.org/10.1007/978-3-642-37057-1_5
Configuration of multi product lines by bridging heterogeneous variability modeling approaches|http://dx.doi.org/10.1109/SPLC.2011.22
Cloud service selection based on variability modeling|http://dx.doi.org/10.1007/978-3-642-34321-6_9
Cloud service selection based on variability modeling|http://dx.doi.org/10.1007/978-3-642-34321-6_63
Reverse engineering feature models from programs' feature sets|http://dx.doi.org/10.1109/WCRE.2011.45
Feature model differences|http://dx.doi.org/10.1007/978-3-642-31095-9_41
Variability modelling in the ABS language|http://dx.doi.org/10.1007/978-3-642-25271-6_11
Context variability for context-aware systems|http://dx.doi.org/10.1109/MC.2014.33
Using cross-dependencies during configuration of system families|http://dx.doi.org/10.1007/978-3-319-26844-6_32
Efficient Identification of Core and Dead Features in Variability Models|http://dx.doi.org/10.1109/ACCESS.2015.2498764
Efficient architecture-level configuration of large-scale embedded software systems|http://dx.doi.org/10.1007/978-3-319-24644-4_8
On extracting feature models from product descriptions|http://dx.doi.org/10.1145/2110147.2110153
Feature model extraction from large collections of informal product descriptions|http://dx.doi.org/10.1145/2491411.2491455
Reverse engineering architectural feature models|http://dx.doi.org/10.1007/978-3-642-23798-0_25
Investigating the safe evolution of software product lines|http://dx.doi.org/10.1145/2047862.2047869
Separation of concerns in feature modeling: Support and applications|http://dx.doi.org/10.1145/2162049.2162051
Properties of realistic feature models make combinatorial testing of product lines feasible|http://dx.doi.org/10.1007/978-3-642-24485-8_47
A Comparison of test case prioritization criteria for software product lines|http://dx.doi.org/10.1109/ICST.2014.15
Automated test data generation on the analyses of feature models: A metamorphic testing approach|http://dx.doi.org/10.1109/ICST.2010.20
Stratified analytic hierarchy process: Prioritization and selection of software features|http://dx.doi.org/10.1007/978-3-642-15579-6_21
Reverse engineering feature models with evolutionary algorithms: An exploratory study|http://dx.doi.org/10.1007/978-3-642-33119-0_13
Automated analysis in feature modelling and product configuration|http://dx.doi.org/10.1007/978-3-642-38977-1_11
A domain-specific language for managing feature models|http://dx.doi.org/10.1145/1982185.1982473
Modeling variability from requirements to runtime|http://dx.doi.org/10.1109/ICECCS.2011.15
A feature-oriented approach for Web service customization|http://dx.doi.org/10.1109/ICWS.2010.64
Modeling product lines with kripke structures and modal logic|http://dx.doi.org/10.1007/978-3-319-25150-9_12
Modeling product lines with kripke structures and modal logic|http://dx.doi.org/10.7561/SACS.2016.1.69
SIP: Optimal product selection from feature models using many-objective evolutionary optimization|http://dx.doi.org/10.1145/2897760
A formal modeling and analysis framework for software product line of preemptive real-time systems|http://dx.doi.org/10.1145/2851613.2851977
Analysis of feature models using alloy: A survey|http://dx.doi.org/10.4204/EPTCS.206.5
Conflict detection for edits on extended feature models using symbolic graph transformation|http://dx.doi.org/10.4204/EPTCS.206.3
JPI feature models-Exploring a JPI and FOP symbiosis for software modeling|http://dx.doi.org/10.1109/SCCC.2015.7416583
Context aware reconfiguration in Software Product Lines|http://dx.doi.org/10.1145/2866614.2866620
CardyGAn: Tool support for cardinality-based feature models|http://dx.doi.org/10.1145/2866614.2866619
Feature model augmentation with sentiment analysis for product line planning|http://dx.doi.org/10.1109/IEEM.2015.7385935
FeatureIDE: Scalable product configuration of variable systems|http://dx.doi.org/10.1007/978-3-319-35122-3_27
A feature-oriented mobile software development framework to resolve the device fragmentation phenomenon for application developers in the mobile software ecosystem|http://dx.doi.org/10.1007/978-3-319-38904-2_20
Toward recovering component-based software product line architecture from object-oriented product variants|http://dx.doi.org/10.18293/SEKE2016-066
Carrying ideas from knowledge-based configuration to software product lines|http://dx.doi.org/10.1007/978-3-319-35122-3_4
Common metamodel of component diagram and feature diagram in generative programming|http://dx.doi.org/10.3844/jcssp.2016.517.526
An approach for prioritizing software features based on node centrality in probability network|http://dx.doi.org/10.1007/978-3-319-35122-3_8
Statistical model checking for product lines|http://dx.doi.org/10.1007/978-3-319-47166-2_8
Quantitative and qualitative empirical analysis of three feature modeling tools|http://dx.doi.org/10.1007/978-3-319-56390-9_4
Combinatory synthesis of classes using feature grammars|http://dx.doi.org/10.1007/978-3-319-28934-2_7
Feature location benchmark for software families using eclipse community releases|http://dx.doi.org/10.1007/978-3-319-35122-3_18
Mind the gap! automated anomaly detection for potentially unbounded cardinality-based feature models|http://dx.doi.org/10.1007/978-3-662-49665-7_10
Family-based modeling and analysis for probabilistic systems â€“ featuring PROFEAT|http://dx.doi.org/10.1007/978-3-662-49665-7_17
Research on Methods for Discovering and Selecting Cloud Infrastructure Services Based on Feature Modeling|http://dx.doi.org/10.1155/2016/8194832
Supervisory controller synthesis for product lines using CIF 3|http://dx.doi.org/10.1007/978-3-319-47166-2_59
Faithful modeling of product lines with kripke structures and modal logic|http://dx.doi.org/10.7561/SACS.2016.1.69
Traceability analyses between features and assets in software product lines|http://dx.doi.org/10.3390/e18080269
Cost-related interface for software product lines|http://dx.doi.org/10.1016/j.jlamp.2015.09.009
Evolutionary computation for software product line testing: An overview and open challenges|http://dx.doi.org/10.1007/978-3-319-25964-2_4
Managing trade-offs among architectural tactics using feature models and feature-solution graphs|http://dx.doi.org/10.1109/ColumbianCC.2015.7333406
A visual support for decomposing complex feature models|http://dx.doi.org/10.1109/VISSOFT.2015.7332417
Addressing metamodel revisions in model-based Software Product Lines|http://dx.doi.org/10.1145/2936314.2814214
Addressing metamodel revisions in model-based Software Product Lines|http://dx.doi.org/10.1145/2814204.2814214
SmartyCo: Managing Cyber-Physical systems for smart environments|http://dx.doi.org/10.1007/978-3-319-23727-5_25
Automating Resource Selection and Configuration in Inter-clouds through a Software Product Line Method|http://dx.doi.org/10.1109/CLOUD.2015.101
Web Service Customization Based on Service Feature Model|http://dx.doi.org/10.1109/SCC.2015.91
Dynamically Evolving the Structural Variability of Dynamic Software Product Lines|http://dx.doi.org/10.1109/SEAMS.2015.24
Automatic promotional specialization, generalization and analysis of extended feature models with cardinalities in Alloy|http://dx.doi.org/10.1016/j.jlamp.2014.11.005
Evolution in dynamic software product lines: Challenges and perspectives|http://dx.doi.org/10.1145/2791060.2791101
Using Multiple feature models to specify configuration options for electrical transformers: An experience report|http://dx.doi.org/10.1145/2791060.2791091
SAT-based analysis of large real-world feature models is easy|http://dx.doi.org/10.1145/2791060.2791070
Detecting and explaining conflicts in attributed feature models|http://dx.doi.org/10.4204/EPTCS.182.3
Towards understanding cognitive aspects of configuration knowledge formalization|http://dx.doi.org/10.1145/2701319.2701327
Intelligent techniques for configuration knowledge evolution|http://dx.doi.org/10.1145/2701319.2701320
Automatic generation of SPL structurally valid products: An approach based on progressive composition of partial configurations|http://dx.doi.org/10.1109/IACS.2015.7103196
On the support of automated analysis chains on enterprise models|http://dx.doi.org/10.1007/978-3-319-19237-6_22
Metrics for the evaluation of feature models in an industrial context: A case study at opel|http://dx.doi.org/10.1007/978-3-319-16101-3_3
The semantics of cardinality-based feature models via formal languages|http://dx.doi.org/10.1007/978-3-319-19249-9_28
A science mapping analysis of the literature on software product lines|http://dx.doi.org/10.1007/978-3-319-22689-7_18
Towards automatic decision support for bike-sharing system design|http://dx.doi.org/10.1007/978-3-662-49224-6_22
Handling regulatory goal model families as software product lines|http://dx.doi.org/10.1007/978-3-319-19069-3_12
Optimized feature selection towards functional and non-functional requirements in Software Product Lines|http://dx.doi.org/10.1109/SANER.2015.7081829
Towards more relational feature models|http://dx.doi.org/10.5220/0005553403810386
On the reuse of goal models|http://dx.doi.org/10.1007/978-3-319-24912-4_11
Generating tests for detecting faults in feature models|http://dx.doi.org/10.1109/ICST.2015.7102591
Prototyping software product lines analysis with pharo|http://dx.doi.org/10.1145/2991041.2991053
Hierarchical Multiset Theories of Cardinality-Based Feature Diagrams|http://dx.doi.org/10.1109/TASE.2016.14
Using microsoft solver foundation to analyse feature models and configurations|http://dx.doi.org/10.1109/EATIS.2016.7520125
Automatic Detection and Removal of Conformance Faults in Feature Models|http://dx.doi.org/10.1109/ICST.2016.10
Mixing of join point interfaces and feature-oriented programming for modular software product line|http://dx.doi.org/10.4108/eai.3-12-2015.2262534
A preliminary empirical assessment of similarity for combinatorial interaction testing of software product lines|http://dx.doi.org/10.1145/2897010.2897011
Coordinated run-time adaptation of variability-intensive systems: An application in cloud computing|http://dx.doi.org/10.1145/2897045.2897049
Featured model types: Towards systematic reuse in modelling language engineering|http://dx.doi.org/10.1145/2896982.2896987
Service feature modeling: modeling and participatory ranking of service design alternatives|http://dx.doi.org/10.1007/s10270-014-0414-4
An impact analysis method of business processes evolution in enterprise architecture|http://dx.doi.org/10.1109/PIC.2016.7949595
Leveraging variability modeling to address metamodel revisions in Model-based Software Product Lines|http://dx.doi.org/10.1016/j.cl.2016.08.003
Automating identification of services and their variability for product lines using NSGA-II|http://dx.doi.org/10.1007/s11704-016-5121-6
Automated product line test case selection: industrial case study and controlled experiment|http://dx.doi.org/10.1007/s10270-015-0462-4
Hyper-Heuristic Based Product Selection for Software Product Line Testing|http://dx.doi.org/10.1109/MCI.2017.2670461
Collaborative development of feature models and evaluation of performance bounds|http://dx.doi.org/10.1145/3019612.3019768
A survey on scalability and performance concerns in extended product lines configuration|http://dx.doi.org/10.1145/3023956.3023959
Specification and automated validation of staged reconfiguration processes for dynamic software product lines|http://dx.doi.org/10.1007/s10270-015-0470-4
Analysing the Linux kernel feature model changes using FMDiff|http://dx.doi.org/10.1007/s10270-015-0472-2
Feature modeling tool: A proposal using ADOxx technology|http://dx.doi.org/10.1109/CLEI.2016.7833363
Variability management for automated production systems using product lines and feature models|http://dx.doi.org/10.1109/INDIN.2016.7819355
Test case prioritization techniques for software product line: A survey|http://dx.doi.org/10.1109/CCAA.2016.7813841
Hybrid algorithms based on integer programming for the search of prioritized test data in software product lines|http://dx.doi.org/10.1007/978-3-319-55792-2_1
A source level empirical study of features and their interactions in variable software|http://dx.doi.org/10.1109/SCAM.2016.16
Adaptive Deployment Infrastructure for Android Applications|http://dx.doi.org/10.1109/EDCC.2016.25
Deriving products for variability test of Feature Models with a hyper-heuristic approach|http://dx.doi.org/10.1016/j.asoc.2016.07.059
IBED: Combining IBEA and DE for optimal feature selection in software product line engineering|http://dx.doi.org/10.1016/j.asoc.2016.07.040
Implicit constraints in partial feature models|http://dx.doi.org/10.1145/3001867.3001870
Explaining anomalies in feature models|http://dx.doi.org/10.1145/2993236.2993248
Explaining anomalies in feature models|http://dx.doi.org/10.1145/3093335.2993248
A feature-based personalized recommender system for product-line configuration|http://dx.doi.org/10.1145/2993236.2993249
A feature-based personalized recommender system for product-line configuration|http://dx.doi.org/10.1145/3093335.2993249
Investigation of feature run-time conflicts on goal model-based reuse|http://dx.doi.org/10.1007/s10796-016-9657-7
Exploiting the enumeration of all feature model configurations: A new perspective with distributed computing|http://dx.doi.org/10.1145/2934466.2934478
Verification of SPL feature model by using Bayesian Network|http://dx.doi.org/10.17485/ijst/2016/v9i31/93731
Feature selection optimization based on atomic set and genetic algorithm in software product line|http://dx.doi.org/10.1007/978-3-319-69096-4_14
Product configuration based on feature model|http://dx.doi.org/10.1007/978-3-319-69096-4_15
ProFeat: feature-oriented engineering for family-based probabilistic model checking|http://dx.doi.org/10.1007/s00165-017-0432-4
Augmenting feature model through customer preference mining by hybrid sentiment analysis|http://dx.doi.org/10.1016/j.eswa.2017.07.021
A configurable validation environment for refactored embedded software: An application to the vertical transport domain|http://dx.doi.org/10.1109/ISSREW.2017.9
Software Product Lines with Design Choices: Reasoning about Variability and Design Uncertainty|http://dx.doi.org/10.1109/MODELS.2017.3
Reducing impact of negative complexity on sustainability of mass customization|http://dx.doi.org/10.3390/su9112014
Combining evolutionary algorithms with constraint solving for configuration optimization|http://dx.doi.org/10.1109/ICSME.2017.32
Variability extraction and modeling for product variants|http://dx.doi.org/10.1007/s10270-015-0512-y
Anomaly detection and explanation in context-aware software product lines|http://dx.doi.org/10.1145/3109729.3109752
FMCAT: Supporting dynamic service-based product lines|http://dx.doi.org/10.1145/3109729.3109760
Orchestration of dynamic service product lines with featured modal contract automata|http://dx.doi.org/10.1145/3109729.3109741
Exploring efficient analysis alternatives on feature models|http://dx.doi.org/10.1145/3109729.3109747
Test optimisation for highly-configurable cyber-physical systems|http://dx.doi.org/10.1145/3109729.3109745
Automated repairing of variability models|http://dx.doi.org/10.1145/3106195.3106206
An empirical study of configuration mismatches in linux|http://dx.doi.org/10.1145/3106195.3106208
Search-based product line fault detection allocating test cases iteratively|http://dx.doi.org/10.1145/3106195.3106210
QoS Based Framework for Configurable IaaS Cloud Services Discovery|http://dx.doi.org/10.1109/ICWS.2017.53
Exploring quality measures for the evaluation of feature models: a case study|http://dx.doi.org/10.1016/j.jss.2016.07.040
Automatic generation of test system instances for configurable cyber-physical systems|http://dx.doi.org/10.1007/s11219-016-9341-7
Dohko: an autonomic system for provision, configuration, and management of inter-cloud environments based on a software product line engineering method|http://dx.doi.org/10.1007/s10586-017-0897-1
Constraint-based and SAT-based diagnosis of automotive configuration problems|http://dx.doi.org/10.1007/s10844-016-0422-7
Extending Dynamic Software Product Lines with Temporal Constraints|http://dx.doi.org/10.1109/SEAMS.2017.6
Supporting the Development of Interdisciplinary Product Lines in the Manufacturing Domain|http://dx.doi.org/10.1016/j.ifacol.2017.08.870
A collaborative-based recommender system for configuration of extended product lines|http://dx.doi.org/10.1109/ICSE-C.2017.36
Formal semantics and analysis tasks for ME-MAP models|http://dx.doi.org/10.1109/RCIS.2017.7956542
Software Product Line Testing Based on Feature Model Mutation|http://dx.doi.org/10.1142/S0218194017500309
Automating feature model refactoring: A Model transformation approach|http://dx.doi.org/10.1016/j.infsof.2016.08.011
Multi-objective test case prioritization in highly configurable systems: A case study|http://dx.doi.org/10.1016/j.jss.2016.09.045
A systematic test case selection methodology for product lines: results and insights from an industrial case study|http://dx.doi.org/10.1007/s10664-014-9345-5
Testing variability-intensive systems using automated analysis: an application to android|http://dx.doi.org/10.1007/s11219-014-9258-y
Attribute-based variability in feature models|http://dx.doi.org/10.1007/s00766-014-0216-9
A bibliometric analysis of 20 years of research on software product lines|http://dx.doi.org/10.1016/j.infsof.2015.11.004
Empirical validating the cognitive effectiveness of a new feature diagrams visual syntax|http://dx.doi.org/10.1016/j.infsof.2015.10.012
Augmenting measure sensitivity to detect essential, dispensable and highly incompatible features in mass customization|http://dx.doi.org/10.1016/j.ejor.2015.08.005
An Ontology-Based Product Architecture Derivation Approach|http://dx.doi.org/10.1109/TSE.2015.2449854
Generating counterexamples of model-based software product lines|http://dx.doi.org/10.1007/s10009-014-0341-2
Mapping the design-space of textual variability modeling languages: a refined analysis|http://dx.doi.org/10.1007/s10009-014-0362-x
Presence-condition simplification in highly configurable systems|http://dx.doi.org/10.1109/ICSE.2015.39
Combining multi-objective search and constraint solving for configuring large software product lines|http://dx.doi.org/10.1109/ICSE.2015.69
Where do configuration constraints stem from? An extraction approach and an empirical study|http://dx.doi.org/10.1109/TSE.2015.2415793
Ontology-based feature modeling: An empirical study in changing scenarios|http://dx.doi.org/10.1016/j.eswa.2015.02.020
Variability modeling in the real: A perspective from the operating systems domain|http://dx.doi.org/10.1145/1858996.1859010
On-demand feature recommendations derived from mining public product descriptions|http://dx.doi.org/10.1145/1985793.1985819
A genetic algorithm for optimized feature selection with resource constraints in software product lines|http://dx.doi.org/10.1016/j.jss.2011.06.026
Assessing the maintainability of software product line feature models using structural metrics|http://dx.doi.org/10.1007/s11219-010-9127-2
Heterogeneous feature models and feature selection applied to bearing fault diagnosis|http://dx.doi.org/10.1109/TIE.2014.2327589
Familiar: A domain-specific language for large scale management of feature models|http://dx.doi.org/10.1016/j.scico.2012.12.004
Automated diagnosis of feature model configurations|http://dx.doi.org/10.1016/j.jss.2010.02.017
Mining configuration constraints: Static analyses and empirical results|http://dx.doi.org/10.1145/2568225.2568283
Automated metamorphic testing on the analyses of feature models|http://dx.doi.org/10.1016/j.infsof.2010.11.002
BeTTy: benchmarking and testing on the automated analysis of feature models|http://dx.doi.org/10.1145/2110147.2110155
Decision-making coordination and efficient reasoning techniques for feature-based configuration|http://dx.doi.org/10.1016/j.scico.2009.12.004
Model-driven support for product line evolution on feature level|http://dx.doi.org/10.1016/j.jss.2011.08.008
A learning-based framework for engineering feature-oriented self-adaptive software systems|http://dx.doi.org/10.1109/TSE.2013.37
Efficient synthesis of feature models|http://dx.doi.org/10.1145/2362536.2362553
Constraints: The heart of domain and application engineering in the product lines engineering strategy|http://dx.doi.org/10.4018/jismd.2012040102
Towards automated testing and fixing of re-engineered Feature Models|http://dx.doi.org/10.1109/ICSE.2013.6606689
A performance comparison of contemporary algorithmic approaches for automated analysis operations on feature models|http://dx.doi.org/10.1109/ASE.2011.6100068
AoURN-based modeling and analysis of software product lines|http://dx.doi.org/10.1007/s11219-011-9153-8
Evolving feature model configurations in software product lines|http://dx.doi.org/10.1016/j.jss.2013.10.010
Toward automated feature model configuration with optimizing non-functional requirements|http://dx.doi.org/10.1016/j.infsof.2014.03.005
Composing multiple variability artifacts to assemble coherent workflows|http://dx.doi.org/10.1007/s11219-011-9170-7
Measuring the structural complexity of feature models|http://dx.doi.org/10.1109/ASE.2013.6693103
Visualization of variability and configuration options|http://dx.doi.org/10.1007/s10009-012-0252-z
Extraction and evolution of architectural variability models in plugin-based systems|http://dx.doi.org/10.1007/s10270-013-0364-2
From feature models to decision models and back again an analysis based on formal transformations|http://dx.doi.org/10.1145/2362536.2362555
From extended feature models to constraint logic programming|http://dx.doi.org/10.1016/j.scico.2012.06.004
Automated generation of computationally hard feature models using evolutionary algorithms|http://dx.doi.org/10.1016/j.eswa.2013.12.028
Safe composition of configuration knowledge-based software product lines|http://dx.doi.org/10.1016/j.jss.2012.11.006
Safe composition of configuration knowledge-based software product lines|http://dx.doi.org/10.1109/SBES.2011.15
Tracing spls precisely and efficiently|http://dx.doi.org/10.1145/2362536.2362562
Functional testing of feature model analysis tools: a test suite|http://dx.doi.org/10.1049/iet-sen.2009.0096
A Scientific Software Product Line for the Bioinformatics domain|http://dx.doi.org/10.1016/j.jbi.2015.05.014
Automated metamorphic testing of variability analysis tools|http://dx.doi.org/10.1002/stvr.1566
Change impact analysis of feature models|http://dx.doi.org/10.1007/978-3-642-33308-8_10
Feature-based classification of bidirectional transformation approaches|http://dx.doi.org/10.1007/s10270-014-0450-0
Development and validation of customized process models|http://dx.doi.org/10.1016/j.jss.2014.05.063
Towards fixing inconsistencies in models with variability|http://dx.doi.org/10.1145/2110147.2110158
MOD2-SCM: A model-driven product line for software configuration management systems|http://dx.doi.org/10.1016/j.infsof.2012.07.010
Cool features and tough decisions: a comparison of variability modeling approaches|http://dx.doi.org/10.1145/2110147.2110167
A text-based approach to feature modelling: Syntax and semantics of TVL|http://dx.doi.org/10.1016/j.scico.2010.10.005
Reverse engineering feature models|http://dx.doi.org/10.1145/1985793.1985856
Scalable product line configuration: A straw to break the camel's back|http://dx.doi.org/10.1109/ASE.2013.6693104
An overview of Dynamic Software Product Line architectures and techniques: Observations from research and industry|http://dx.doi.org/10.1016/j.jss.2013.12.038
Pairwise testing for software product lines: Comparison of two approaches|http://dx.doi.org/10.1007/s11219-011-9160-9
A study of variability models and languages in the systems software domain|http://dx.doi.org/10.1109/TSE.2013.34
Bypassing the combinatorial explosion: Using similarity to generate and prioritize t-wise test configurations for software product lines|http://dx.doi.org/10.1109/TSE.2014.2327020
Multi-objective test generation for software product lines|http://dx.doi.org/10.1145/2491627.2491635
Evolution of software in automated production systems: Challenges and research directions|http://dx.doi.org/10.1016/j.jss.2015.08.026
Slicing feature models|http://dx.doi.org/10.1109/ASE.2011.6100089
Supporting multiple perspectives in feature-based configuration|http://dx.doi.org/10.1007/s10270-011-0220-1
Quality-aware analysis in product line engineering with the orthogonal variability model|http://dx.doi.org/10.1007/s11219-011-9156-5
Flexible and scalable consistency checking on product line variability models|http://dx.doi.org/10.1145/1858996.1859009
An assessment of search-based techniques for reverse engineering feature models|http://dx.doi.org/10.1016/j.jss.2014.10.037
Similarity-based prioritization in software product-line testing|http://dx.doi.org/10.1145/2648511.2648532
Support for reverse engineering and maintaining feature models|http://dx.doi.org/10.1145/2430502.2430530
Variability mining: Consistent semi-automatic detection of product-line features|http://dx.doi.org/10.1109/TSE.2013.45
Feature-oriented software evolution|http://dx.doi.org/10.1145/2430502.2430526
A formal semantics for feature cardinalities in feature diagrams|http://dx.doi.org/10.1145/1944892.1944902
Consistency maintenance for evolving feature models|http://dx.doi.org/10.1016/j.eswa.2011.10.014
Cardinality-based feature models with constraints: A pragmatic approach|http://dx.doi.org/10.1145/2491627.2491638
Cost-effective test suite minimization in product lines using search techniques|http://dx.doi.org/10.1016/j.jss.2014.08.024
Deriving configuration interfaces from feature models: A vision paper|http://dx.doi.org/10.1145/2110147.2110152
Applying multiobjective evolutionary algorithms to dynamic software product lines for reconfiguring mobile applications|http://dx.doi.org/10.1016/j.jss.2014.12.041
From requirements to features: An exploratory study of feature-oriented refactoring|http://dx.doi.org/10.1109/SPLC.2011.52
From comparison matrix to Variability Model: The Wikipedia case study|http://dx.doi.org/10.1109/ASE.2013.6693116
Using constraint programming to verify DOPLER variability models|http://dx.doi.org/10.1145/1944892.1944904
Quality attribute modeling and quality aware product configuration in software product lines|http://dx.doi.org/10.1007/s11219-013-9197-z
Bridging the gap between product lines and systems engineering: an experience in variability management for automotive model based systems engineering|http://dx.doi.org/10.1145/2491627.2491655
Capturing variability in space and time with hyper feature models|http://dx.doi.org/10.1145/2556624.2556625
Facilitating the evolution of products in product line engineering by capturing and replaying configuration decisions|http://dx.doi.org/10.1007/s10009-012-0229-y
Supporting distributed product configuration by integrating heterogeneous variability modeling approaches|http://dx.doi.org/10.1016/j.infsof.2015.02.002
Integrating heterogeneous variability modeling approaches with invar|http://dx.doi.org/10.1145/2430502.2430514
Optimizing the product derivation process|http://dx.doi.org/10.1109/SPLC.2011.47
Predicting quality attributes of software product lines using software and network measures and sampling|http://dx.doi.org/10.1145/2430502.2430511
A code tagging approach to software product line development|http://dx.doi.org/10.1007/s10009-012-0242-1
Reverse engineering web configurators|http://dx.doi.org/10.1109/CSMR-WCRE.2014.6747178
Reverse engineering web configurators|http://dx.doi.org/10.1109/ICSM.2013.101
Automated planning for feature model configuration based on functional and non-functional requirements|http://dx.doi.org/10.1145/2362536.2362548
Predicting performance via automated feature-interaction detection|http://dx.doi.org/10.1109/ICSE.2012.6227196
Automated incremental pairwise testing of software product lines|http://dx.doi.org/10.1007/978-3-642-15579-6_14
Automated planning for feature model configuration based on stakeholders' business concerns|http://dx.doi.org/10.1109/ASE.2011.6100118
The PLA model: on the combination of product-line analyses|http://dx.doi.org/10.1145/2430502.2430522
TDL: a transformation description language from feature model to use case for automated use case derivation|http://dx.doi.org/10.1145/2648511.2648531
Detection of feature interactions using feature-aware verification|http://dx.doi.org/10.1109/ASE.2011.6100075
Formalizing interactive staged feature model configuration|http://dx.doi.org/10.1002/smr.534
Experiences of applying model-based analysis to support the development of automotive software product lines|http://dx.doi.org/10.1145/1944892.1944910
Feature-to-Code Mapping in Two Large Product Lines.|http://dx.doi.org/10.1007/978-3-642-15579-6_48
Evolution of the linux kernel variability model|http://dx.doi.org/10.1007/978-3-642-15579-6_10
Model-driven auto-scaling of green cloud computing infrastructure|http://dx.doi.org/10.1016/j.future.2011.05.009
MoSo-PoLiTe: tool support for pairwise and model-based software product line testing|http://dx.doi.org/10.1145/1944892.1944901
Extracting feature model changes from the Linux kernel using FMDiff|http://dx.doi.org/10.1145/2556624.2556631
Evolutionary search-based test generation for software product line feature models|http://dx.doi.org/10.1007/978-3-642-31095-9_40
Beyond boolean product-line model checking: dealing with feature attributes and multi-features|http://dx.doi.org/10.1109/ICSE.2013.6606593
An algorithm for generating t-wise covering arrays from large feature models|http://dx.doi.org/10.1145/2362536.2362547
Clafer tools for product line engineering|http://dx.doi.org/10.1145/2499777.2499779
Supporting domain analysis through mining and recommending features from online product listings|http://dx.doi.org/10.1109/TSE.2013.39
Partial models: Towards modeling and reasoning with uncertainty|http://dx.doi.org/10.1109/ICSE.2012.6227159
Partial models: Towards modeling and reasoning with uncertainty|http://dx.doi.org/10.1145/2095654.2095656
Preference-based feature model configuration with multiple stakeholders|http://dx.doi.org/10.1145/2648511.2648525
Model-based pairwise testing for feature interaction coverage in software product line engineering|http://dx.doi.org/10.1007/s11219-011-9165-4
Automatic derivation of a product performance model from a software product line model|http://dx.doi.org/10.1109/SPLC.2011.27
Automatic derivation of a product performance model from a software product line model|http://dx.doi.org/10.1145/1383559.1383571
